Name,Power,Weight_Sum,Num_Points,UID
Televisión,120.0,35.09023445033808,80,0
Nevera,200.0,39.41327326368437,83,1
Ordenador de Sobremesa,250.0,37.33691547007822,76,2
Lavadora,1000.0,42.560507191220026,277,3
Microondas,1000.0,52.28467780069764,277,4
Lavaplatos,1200.0,40.98751870190876,82,5
Horno,1500.0,36.951936728190155,191,6
Aire Acondicionado,1500.0,49.45274805180916,190,7
Portatil,50.0,39.46998221660262,78,8
Cafetera,800.0,24.587061748820208,78,9
