Name,Power,Weight_Sum,Num_Points,UID
Portatil,50.0,38.45665160815465,77,0
Televisión,120.0,39.20718793279224,85,1
Nevera,200.0,42.739399623049,81,2
Lavadora,1000.0,50.023830767340066,276,3
Microondas,1000.0,72.42201196909211,276,4
Lavaplatos,1200.0,40.89610214988734,77,5
Horno,1500.0,37.635369722585324,166,6
Aire Acondicionado,1500.0,41.78186209103,157,7
Ordenador de Sobremesa,250.0,42.16584612733883,81,8
Cafetera,800.0,28.928803627411995,84,9
