Name,Power,Weight_Sum,Num_Points,UID
Laptop,50.0,42.03185811730409,101,0
Television,120.0,34.943930797193794,100,1
Refrigerator,200.0,42.79328597101367,100,2
Desktop Computer,250.0,42.66071583358516,102,3
Coffee Maker,800.0,24.570659436223917,97,4
Washing Machine,1000.0,57.97047696375984,381,5
Microwave,1000.0,44.882145819866174,381,6
Dishwasher,1200.0,43.46703337733123,100,7
Oven,1500.0,36.780118993671415,199,8
Air Conditioner,1500.0,13.95630835929253,50,9
