Name,Power,Weight_Sum,Num_Points,UID
Portatil,50,42.88597580607204,77,0
Televisión,120,39.802016576337934,75,1
Nevera,200,33.86685653785095,60,2
Ordenador de Sobremesa,250,40.8021567226494,74,3
Cafetera,800,17.667588770036204,70,4
Lavadora,1000,43.20528017511616,232,5
Microondas,1000,58.43526776947695,231,6
Lavaplatos,1200,38.7060520772751,69,7
Horno,1500,38.299224302051584,145,8
Aire Acondicionado,1500,39.265518229131466,133,9
