Name,Power,Weight_Sum,Num_Points,UID
Portatil,50,115.41407311905527,152,0
Televisión,120,108.50607924055012,150,1
Nevera,200,94.73336286507752,124,2
Ordenador de Sobremesa,250,109.97971429952912,146,3
Cafetera,800,84.07100075057411,144,4
Lavadora,1000,115.2302154576736,477,5
Microondas,1000,200.75009034194318,476,6
Lavaplatos,1200,105.7806538765904,140,7
Horno,1500,104.89916347740343,309,8
Aire Acondicionado,1500,114.48054615458855,297,9
