Name,Power,Weight_Sum,Num_Points,UID
Portatil,50,92.37948247138787,164,0
Televisión,120,81.9453425306935,160,1
Nevera,200,81.39588550335287,145,2
Ordenador de Sobremesa,250,91.35413650563086,167,3
Cafetera,800,61.00264796800261,158,4
Microondas,1000,89.61147913284688,520,5
Lavadora,1000,92.50374169150727,519,6
Lavaplatos,1200,76.58492413251606,168,7
Unknown device 1200W 2,1200,48.29416412172762,122,8
Horno,1500,86.9224466818967,379,9
Aire Acondicionado,1500,93.28768080684453,367,10
