Name,Power,Weight_Sum,Num_Points,UID
Portatil,50,75.31506409439505,135,0
Televisión,120,71.26068627743399,140,1
Nevera,200,84.85375984840559,151,2
Ordenador de Sobremesa,250,76.69099157983653,136,3
Cafetera,800,54.88402950901677,134,4
Lavadora,1000,76.67683062169937,451,5
Microondas,1000,117.63484628297176,449,6
Horno,1500,71.50535556951581,307,7
Aire Acondicionado,1500,80.13953950345999,307,8
Lavaplatos,1200,68.98572963467197,139,9
Unknown device 1200W 2,1200,38.37906743385614,125,10
