Name,Power,Weight_Sum,Num_Points,UID
Portatil,50.0,36.9926404542796,82,0
Televisión,120.0,29.65601628138718,83,1
Ordenador de Sobremesa,250.0,36.59254109801011,80,2
Cafetera,800.0,16.846120040880713,68,3
Lavadora,1000.0,38.14173130130863,289,4
Microondas,1000.0,62.531808501283074,288,5
Lavaplatos,1200.0,34.1569253184358,78,6
Horno,1500.0,29.65555042768015,188,7
Aire Acondicionado,1500.0,31.542369879166685,162,8
Nevera,200.0,38.769174892595494,84,9
