Name,Power,Weight_Sum,Num_Points,UID
Portatil,50.0,40.9916705715303,85,0
Televisión,120.0,35.299378541307696,82,1
Ordenador de Sobremesa,250.0,42.72816500464722,85,2
Cafetera,800.0,26.369997494433647,78,3
Lavadora,1000.0,42.526452834014776,269,4
Microondas,1000.0,36.31918661216462,269,5
Lavaplatos,1200.0,40.76151996853372,82,6
Horno,1500.0,35.809014917454505,178,7
Aire Acondicionado,1500.0,40.53039414780539,165,8
Nevera,200.0,36.041740324316535,75,9
