Name,Power,Weight_Sum,Num_Points,UID
Televisión,120.0,29.751750886379345,80,0
Nevera,200.0,32.44251420157385,76,1
Ordenador de Sobremesa,250.0,34.009128307939484,85,2
Cafetera,800.0,16.254606797022497,81,3
Lavadora,1000.0,36.94166392602864,294,4
Microondas,1000.0,41.09957654809146,294,5
Lavaplatos,1200.0,36.839450931942,86,6
Aire Acondicionado,1500.0,34.77259910593812,184,7
Horno,1500.0,21.172689186291628,170,8
Portatil,50.0,33.60667169070733,80,9
